TITLE,RELEASED,IMDB__RATING,IMDB__VOTES,GENRES,partition_date
Aadukalam,2011-01-13 16:00:00-08:00,7.9,1898.0,Action,2011-01-01
Season of the Witch,2011-01-06 16:00:00-08:00,5.4,71597.0,Adventure,2011-01-01
Superheroes,2011-01-20 16:00:00-08:00,6.5,1505.0,Comedy,2011-01-01
The Mechanic,2011-01-27 16:00:00-08:00,6.6,109066.0,Crime,2011-01-01
Superheroes,2011-01-20 16:00:00-08:00,6.5,1505.0,Documentary,2011-01-01
Aadukalam,2011-01-13 16:00:00-08:00,7.9,1898.0,Drama,2011-01-01
Season of the Witch,2011-01-06 16:00:00-08:00,5.4,71597.0,Fantasy,2011-01-01
Aadukalam,2011-01-13 16:00:00-08:00,7.9,1898.0,Romance,2011-01-01
The Mechanic,2011-01-27 16:00:00-08:00,6.6,109066.0,Thriller,2011-01-01
The Border,2011-01-27 16:00:00-08:00,6.3,1228.0,War,2011-01-01
Drive Angry,2011-02-24 16:00:00-08:00,5.5,77741.0,Comedy,2011-02-01
All-Star Superman,2011-02-21 16:00:00-08:00,7.0,8346.0,Sci-Fi,2011-02-01
The Eagle,2011-02-10 16:00:00-08:00,6.2,49716.0,Drama,2011-02-01
Cat Shit One,2011-02-04 16:00:00-08:00,7.1,897.0,Action,2011-02-01
Unknown,2011-02-17 16:00:00-08:00,6.9,197247.0,Thriller,2011-02-01
Cat Shit One,2011-02-04 16:00:00-08:00,7.1,897.0,Animation,2011-02-01
"Big Mommas: Like Father, Like Son",2011-02-17 16:00:00-08:00,4.3,17806.0,Crime,2011-02-01
Drive Angry,2011-02-24 16:00:00-08:00,5.5,77741.0,Fantasy,2011-02-01
Cat Shit One,2011-02-04 16:00:00-08:00,7.1,897.0,Short,2011-02-01
Unknown,2011-02-17 16:00:00-08:00,6.9,197247.0,Mystery,2011-02-01
The Eagle,2011-02-10 16:00:00-08:00,6.2,49716.0,Adventure,2011-02-01
Outbound,2011-03-23 17:00:00-07:00,6.7,616.0,Drama,2011-03-01
Sucker Punch,2011-03-24 17:00:00-07:00,6.1,184839.0,Adventure,2011-03-01
Paths of Hate,2011-03-26 17:00:00-07:00,7.5,485.0,Action,2011-03-01
Paths of Hate,2011-03-26 17:00:00-07:00,7.5,485.0,Animation,2011-03-01
"The Butcher, the Chef, and the Swordsman",2011-03-17 17:00:00-07:00,5.8,512.0,Comedy,2011-03-01
Route Irish,2011-03-15 17:00:00-07:00,6.4,3205.0,Thriller,2011-03-01
Paths of Hate,2011-03-26 17:00:00-07:00,7.5,485.0,Short,2011-03-01
Red Riding Hood,2011-03-10 16:00:00-08:00,5.4,83514.0,Mystery,2011-03-01
Torrente 4,2011-03-10 16:00:00-08:00,5.4,3286.0,Crime,2011-03-01
Beastly,2011-03-03 16:00:00-08:00,5.6,59038.0,Romance,2011-03-01
Barbie: A Fairy Secret,2011-03-14 17:00:00-07:00,5.4,641.0,Family,2011-03-01
Sucker Punch,2011-03-24 17:00:00-07:00,6.1,184839.0,Fantasy,2011-03-01
Battle Los Angeles,2011-03-10 16:00:00-08:00,5.8,148522.0,Sci-Fi,2011-03-01
Red Riding Hood,2011-03-10 16:00:00-08:00,5.4,83514.0,Horror,2011-03-01
Sien nui yau wan,2011-04-27 17:00:00-07:00,5.7,913.0,Fantasy,2011-04-01
Hanna,2011-04-07 17:00:00-07:00,6.8,149563.0,Adventure,2011-04-01
The Lost Bladesman,2011-04-27 17:00:00-07:00,6.0,2881.0,Biography,2011-04-01
Mr Perfect,2011-04-20 17:00:00-07:00,7.0,1483.0,Drama,2011-04-01
Fast Five,2011-04-28 17:00:00-07:00,7.4,260163.0,Crime,2011-04-01
"Wild Horse, Wild Ride",2011-04-30 17:00:00-07:00,7.2,160.0,Documentary,2011-04-01
Ko,2011-04-21 17:00:00-07:00,7.8,2905.0,Action,2011-04-01
Your Highness,2011-04-07 17:00:00-07:00,5.6,81488.0,Comedy,2011-04-01
Ko,2011-04-21 17:00:00-07:00,7.8,2905.0,Thriller,2011-04-01
Mr Perfect,2011-04-20 17:00:00-07:00,7.0,1483.0,Romance,2011-04-01
"Wild Horse, Wild Ride",2011-04-30 17:00:00-07:00,7.2,160.0,Western,2011-04-01
Priest,2011-05-12 17:00:00-07:00,5.7,91219.0,Horror,2011-05-01
Kung Fu Panda 2,2011-05-25 17:00:00-07:00,7.3,154680.0,Action,2011-05-01
Attack the Block,2011-05-12 17:00:00-07:00,6.6,75227.0,Sci-Fi,2011-05-01
The Tree of Life,2011-05-16 17:00:00-07:00,6.7,126260.0,Drama,2011-05-01
Kung Fu Panda 2,2011-05-25 17:00:00-07:00,7.3,154680.0,Adventure,2011-05-01
Thor,2011-05-05 17:00:00-07:00,7.0,468024.0,Fantasy,2011-05-01
Attack the Block,2011-05-12 17:00:00-07:00,6.6,75227.0,Comedy,2011-05-01
Kung Fu Panda 2,2011-05-25 17:00:00-07:00,7.3,154680.0,Animation,2011-05-01
Shaitan,2011-06-09 17:00:00-07:00,7.4,4561.0,Drama,2011-06-01
X-Men: First Class,2011-06-02 17:00:00-07:00,7.8,461512.0,Action,2011-06-01
Green Lantern: Emerald Knights,2011-06-06 17:00:00-07:00,6.9,7684.0,Animation,2011-06-01
My Babysitter's a Vampire,2011-06-09 17:00:00-07:00,6.4,1959.0,Comedy,2011-06-01
Shaitan,2011-06-09 17:00:00-07:00,7.4,4561.0,Crime,2011-06-01
X-Men: First Class,2011-06-02 17:00:00-07:00,7.8,461512.0,Adventure,2011-06-01
Catatan (Harian) si Boy,2011-06-30 17:00:00-07:00,7.3,96.0,Romance,2011-06-01
My Babysitter's a Vampire,2011-06-09 17:00:00-07:00,6.4,1959.0,Fantasy,2011-06-01
Falling Skies,2011-06-18 17:00:00-07:00,7.3,67100.0,Thriller,2011-06-01
Mr. Popper's Penguins,2011-06-16 17:00:00-07:00,6.0,61302.0,Family,2011-06-01
Blackthorn,2011-06-30 17:00:00-07:00,6.6,6705.0,Western,2011-06-01
X-Men: First Class,2011-06-02 17:00:00-07:00,7.8,461512.0,Sci-Fi,2011-06-01
Dragon,2011-07-03 17:00:00-07:00,7.1,9936.0,Crime,2011-07-01
Don't Hug Me I'm Scared,2011-07-24 17:00:00-07:00,7.3,264.0,Short,2011-07-01
Cowboys & Aliens,2011-07-28 17:00:00-07:00,6.0,160726.0,Thriller,2011-07-01
The Sandman,2011-07-20 17:00:00-07:00,7.0,492.0,Comedy,2011-07-01
Harry Potter and the Deathly Hallows: Part 2,2011-07-14 17:00:00-07:00,8.1,470311.0,Drama,2011-07-01
Harry Potter and the Deathly Hallows: Part 2,2011-07-14 17:00:00-07:00,8.1,470311.0,Adventure,2011-07-01
Harry Potter and the Deathly Hallows: Part 2,2011-07-14 17:00:00-07:00,8.1,470311.0,Fantasy,2011-07-01
Dragon,2011-07-03 17:00:00-07:00,7.1,9936.0,Action,2011-07-01
"A Fairly Odd Movie: Grow Up, Timmy Turner!",2011-07-08 17:00:00-07:00,5.0,1990.0,Family,2011-07-01
Don't Hug Me I'm Scared,2011-07-24 17:00:00-07:00,7.3,264.0,Animation,2011-07-01
Captain America: The First Avenger,2011-07-21 17:00:00-07:00,6.8,432015.0,Sci-Fi,2011-07-01
Dos,2011-08-31 17:00:00-07:00,5.8,260.0,Fantasy,2011-08-01
Rise of the Planet of the Apes,2011-08-04 17:00:00-07:00,7.6,370410.0,Drama,2011-08-01
Hindsight,2011-08-30 17:00:00-07:00,6.4,777.0,Romance,2011-08-01
30 Minutes or Less,2011-08-11 17:00:00-07:00,6.2,73352.0,Comedy,2011-08-01
War of the Arrows,2011-08-09 17:00:00-07:00,7.2,7815.0,History,2011-08-01
Don't Be Afraid of the Dark,2011-08-25 17:00:00-07:00,5.6,38827.0,Horror,2011-08-01
Mankatha,2011-08-30 17:00:00-07:00,7.5,7581.0,Crime,2011-08-01
Mankatha,2011-08-30 17:00:00-07:00,7.5,7581.0,Thriller,2011-08-01
Phineas and Ferb the Movie: Across the 2nd Dimension,2011-08-04 17:00:00-07:00,7.6,3794.0,Adventure,2011-08-01
Phineas and Ferb the Movie: Across the 2nd Dimension,2011-08-04 17:00:00-07:00,7.6,3794.0,Animation,2011-08-01
Rise of the Planet of the Apes,2011-08-04 17:00:00-07:00,7.6,370410.0,Action,2011-08-01
Rise of the Planet of the Apes,2011-08-04 17:00:00-07:00,7.6,370410.0,Sci-Fi,2011-08-01
Saheb Biwi Aur Gangster,2011-09-22 17:00:00-07:00,7.2,2536.0,Drama,2011-09-01
1911,2011-09-22 17:00:00-07:00,6.0,4444.0,Adventure,2011-09-01
Dookudu,2011-09-22 17:00:00-07:00,7.7,8089.0,Comedy,2011-09-01
Saheb Biwi Aur Gangster,2011-09-22 17:00:00-07:00,7.2,2536.0,Crime,2011-09-01
Love's Resounding Courage,2011-09-30 17:00:00-07:00,6.8,436.0,Western,2011-09-01
Dookudu,2011-09-22 17:00:00-07:00,7.7,8089.0,Action,2011-09-01
The Man from the Future,2011-09-01 17:00:00-07:00,7.2,2998.0,Sci-Fi,2011-09-01
Red State,2011-09-29 17:00:00-07:00,6.2,49966.0,Horror,2011-09-01
Killer Elite,2011-09-22 17:00:00-07:00,6.5,99149.0,Thriller,2011-09-01
The Man from the Future,2011-09-01 17:00:00-07:00,7.2,2998.0,Fantasy,2011-09-01
Spooky Buddies,2011-09-19 17:00:00-07:00,4.7,917.0,Family,2011-09-01
Abduction,2011-09-22 17:00:00-07:00,5.0,60924.0,Mystery,2011-09-01
The Three Musketeers,2011-10-20 17:00:00-07:00,5.8,83514.0,Romance,2011-10-01
Johnny English Reborn,2011-10-20 17:00:00-07:00,6.3,83196.0,Adventure,2011-10-01
Real Steel,2011-10-06 17:00:00-07:00,7.1,236271.0,Drama,2011-10-01
Hell and Back Again,2011-10-04 17:00:00-07:00,6.5,1871.0,Documentary,2011-10-01
Hell and Back Again,2011-10-04 17:00:00-07:00,6.5,1871.0,History,2011-10-01
Logorama,2011-10-04 17:00:00-07:00,7.6,4447.0,Animation,2011-10-01
Real Steel,2011-10-06 17:00:00-07:00,7.1,236271.0,Sci-Fi,2011-10-01
Batman: Year One,2011-10-17 17:00:00-07:00,7.4,17746.0,Crime,2011-10-01
Johnny English Reborn,2011-10-20 17:00:00-07:00,6.3,83196.0,Comedy,2011-10-01
Logorama,2011-10-04 17:00:00-07:00,7.6,4447.0,Action,2011-10-01
In Time,2011-10-27 17:00:00-07:00,6.7,275108.0,Thriller,2011-10-01
Yellow Rock,2011-10-31 17:00:00-07:00,4.6,353.0,Western,2011-10-01
Logorama,2011-10-04 17:00:00-07:00,7.6,4447.0,Short,2011-10-01
The Whistleblower,2011-10-26 17:00:00-07:00,7.2,22370.0,Biography,2011-10-01
Mistletoe Over Manhattan,2011-11-05 17:00:00-07:00,6.1,429.0,Family,2011-11-01
Madonna's Pig,2011-11-08 16:00:00-08:00,6.0,434.0,Romance,2011-11-01
The Painting,2011-11-22 16:00:00-08:00,7.3,2152.0,Fantasy,2011-11-01
80 Millions,2011-11-24 16:00:00-08:00,6.7,504.0,History,2011-11-01
Special Forces,2011-11-01 17:00:00-07:00,6.3,13872.0,War,2011-11-01
A Lonely Place to Die,2011-11-01 17:00:00-07:00,6.3,20771.0,Crime,2011-11-01
Madonna's Pig,2011-11-08 16:00:00-08:00,6.0,434.0,Sci-Fi,2011-11-01
Rebellion,2011-11-15 16:00:00-08:00,7.0,1871.0,Drama,2011-11-01
A Lonely Place to Die,2011-11-01 17:00:00-07:00,6.3,20771.0,Adventure,2011-11-01
Rebellion,2011-11-15 16:00:00-08:00,7.0,1871.0,Action,2011-11-01
Pastorela,2011-11-10 16:00:00-08:00,6.3,668.0,Comedy,2011-11-01
The Painting,2011-11-22 16:00:00-08:00,7.3,2152.0,Animation,2011-11-01
The Darkest Hour,2011-12-24 16:00:00-08:00,4.9,46863.0,Horror,2011-12-01
The Adventures of Tintin,2011-12-20 16:00:00-08:00,7.4,165227.0,Animation,2011-12-01
Sherlock Holmes: A Game of Shadows,2011-12-15 16:00:00-08:00,7.5,304767.0,Action,2011-12-01
Neverland,2011-12-03 16:00:00-08:00,6.5,7988.0,Fantasy,2011-12-01
Mission: Impossible - Ghost Protocol,2011-12-20 16:00:00-08:00,7.4,331411.0,Thriller,2011-12-01
Sherlock Holmes: A Game of Shadows,2011-12-15 16:00:00-08:00,7.5,304767.0,Adventure,2011-12-01
Kung Fu Panda: Secrets of the Masters,2011-12-12 16:00:00-08:00,6.9,1661.0,Short,2011-12-01
12 Dates of Christmas,2011-12-10 16:00:00-08:00,6.4,2091.0,Romance,2011-12-01
Deck the Halls,2011-12-19 16:00:00-08:00,5.0,139.0,Drama,2011-12-01
Sherlock Holmes: A Game of Shadows,2011-12-15 16:00:00-08:00,7.5,304767.0,Crime,2011-12-01
12 Dates of Christmas,2011-12-10 16:00:00-08:00,6.4,2091.0,Comedy,2011-12-01
Deck the Halls,2011-12-19 16:00:00-08:00,5.0,139.0,Mystery,2011-12-01
The Nutcracker in 3D,2011-12-07 16:00:00-08:00,4.5,2285.0,Family,2011-12-01
Two Rabbits,2012-01-19 16:00:00-08:00,7.4,3735.0,Thriller,2012-01-01
The Monkey King,2012-01-11 16:00:00-08:00,8.3,984.0,Family,2012-01-01
The Monkey King,2012-01-11 16:00:00-08:00,8.3,984.0,Fantasy,2012-01-01
Business Man,2012-01-12 16:00:00-08:00,7.2,4915.0,Crime,2012-01-01
The Grey,2012-01-26 16:00:00-08:00,6.8,190598.0,Drama,2012-01-01
The Grey,2012-01-26 16:00:00-08:00,6.8,190598.0,Adventure,2012-01-01
Business Man,2012-01-12 16:00:00-08:00,7.2,4915.0,Comedy,2012-01-01
The Monkey King,2012-01-11 16:00:00-08:00,8.3,984.0,Animation,2012-01-01
Underworld: Awakening,2012-01-19 16:00:00-08:00,6.4,107446.0,Horror,2012-01-01
Two Rabbits,2012-01-19 16:00:00-08:00,7.4,3735.0,Action,2012-01-01
Zhauzhèrek myng bala,2012-02-29 16:00:00-08:00,6.6,473.0,Drama,2012-02-01
Justice League: Doom,2012-02-27 16:00:00-08:00,7.5,16409.0,Fantasy,2012-02-01
Safe House,2012-02-09 16:00:00-08:00,6.8,153630.0,Mystery,2012-02-01
Thale,2012-02-16 16:00:00-08:00,5.6,4322.0,Horror,2012-02-01
This Means War,2012-02-16 16:00:00-08:00,6.4,135648.0,Romance,2012-02-01
Zhauzhèrek myng bala,2012-02-29 16:00:00-08:00,6.6,473.0,Adventure,2012-02-01
This Means War,2012-02-16 16:00:00-08:00,6.4,135648.0,Comedy,2012-02-01
Act of Valor,2012-02-23 16:00:00-08:00,6.5,55066.0,Thriller,2012-02-01
Justice League: Doom,2012-02-27 16:00:00-08:00,7.5,16409.0,Animation,2012-02-01
Act of Valor,2012-02-23 16:00:00-08:00,6.5,55066.0,War,2012-02-01
Safe House,2012-02-09 16:00:00-08:00,6.8,153630.0,Crime,2012-02-01
Justice League: Doom,2012-02-27 16:00:00-08:00,7.5,16409.0,Action,2012-02-01
Wonder Women! The Untold Story of American Superheroines,2012-03-09 16:00:00-08:00,7.5,134.0,History,2012-03-01
Monster Brawl,2012-03-29 17:00:00-07:00,3.6,1867.0,Horror,2012-03-01
Brutal Relax,2012-03-29 17:00:00-07:00,6.7,363.0,Short,2012-03-01
Wonder Women! The Untold Story of American Superheroines,2012-03-09 16:00:00-08:00,7.5,134.0,Documentary,2012-03-01
21 Jump Street,2012-03-15 17:00:00-07:00,7.2,369346.0,Comedy,2012-03-01
Wonder Women! The Untold Story of American Superheroines,2012-03-09 16:00:00-08:00,7.5,134.0,Fantasy,2012-03-01
Beduin,2012-03-14 17:00:00-07:00,6.6,176.0,Drama,2012-03-01
Bellflower,2012-03-20 17:00:00-07:00,6.4,6557.0,Romance,2012-03-01
Beduin,2012-03-14 17:00:00-07:00,6.6,176.0,Biography,2012-03-01
21 Jump Street,2012-03-15 17:00:00-07:00,7.2,369346.0,Action,2012-03-01
Nightfall,2012-03-14 17:00:00-07:00,6.5,811.0,Thriller,2012-03-01
21 Jump Street,2012-03-15 17:00:00-07:00,7.2,369346.0,Crime,2012-03-01
John Carter,2012-03-08 16:00:00-08:00,6.6,198544.0,Adventure,2012-03-01
Berserk: The Golden Age Arc I - The Egg of the King,2012-04-25 17:00:00-07:00,7.7,4173.0,Animation,2012-04-01
Safe,2012-04-26 17:00:00-07:00,6.5,75430.0,Crime,2012-04-01
My Way,2012-04-19 17:00:00-07:00,7.8,6121.0,History,2012-04-01
Touchback,2012-04-12 17:00:00-07:00,6.5,2875.0,Family,2012-04-01
My Way,2012-04-19 17:00:00-07:00,7.8,6121.0,Drama,2012-04-01
My Way,2012-04-19 17:00:00-07:00,7.8,6121.0,Action,2012-04-01
Berserk: The Golden Age Arc I - The Egg of the King,2012-04-25 17:00:00-07:00,7.7,4173.0,Adventure,2012-04-01
Good for Nothing,2012-04-30 17:00:00-07:00,5.9,600.0,Western,2012-04-01
The Raid: Redemption,2012-04-12 17:00:00-07:00,7.6,135585.0,Thriller,2012-04-01
Super Demetrios,2012-04-18 17:00:00-07:00,6.5,204.0,Comedy,2012-04-01
Lockout,2012-04-12 17:00:00-07:00,6.1,77616.0,Sci-Fi,2012-04-01
Touchback,2012-04-12 17:00:00-07:00,6.5,2875.0,Fantasy,2012-04-01
The Avengers,2012-05-03 17:00:00-07:00,8.1,877226.0,Sci-Fi,2012-05-01
Casa de mi Padre,2012-05-10 17:00:00-07:00,5.5,16277.0,Western,2012-05-01
USS Seaviper,2012-05-27 17:00:00-07:00,2.5,769.0,War,2012-05-01
Gabbar Singh,2012-05-10 17:00:00-07:00,7.2,3564.0,Comedy,2012-05-01
The Avengers,2012-05-03 17:00:00-07:00,8.1,877226.0,Action,2012-05-01
Abiogenesis,2012-05-25 17:00:00-07:00,6.7,187.0,Short,2012-05-01
Abiogenesis,2012-05-25 17:00:00-07:00,6.7,187.0,Animation,2012-05-01
Jesse Stone: Benefit of the Doubt,2012-05-19 17:00:00-07:00,7.0,1451.0,Drama,2012-05-01
Born to Hate... Destined to Love,2012-05-10 17:00:00-07:00,6.6,4174.0,Romance,2012-05-01
White Tiger,2012-05-02 17:00:00-07:00,6.0,1561.0,Fantasy,2012-05-01
Jesse Stone: Benefit of the Doubt,2012-05-19 17:00:00-07:00,7.0,1451.0,Crime,2012-05-01
ReGeneration,2012-05-03 17:00:00-07:00,6.9,189.0,Biography,2012-05-01
ReGeneration,2012-05-03 17:00:00-07:00,6.9,189.0,Documentary,2012-05-01
The Avengers,2012-05-03 17:00:00-07:00,8.1,877226.0,Adventure,2012-05-01
Motorway,2012-06-20 17:00:00-07:00,6.0,1279.0,Crime,2012-06-01
The Girl from the Naked Eye,2012-06-14 17:00:00-07:00,4.9,1638.0,Mystery,2012-06-01
Berserk: The Golden Age Arc II - The Battle for Doldrey,2012-06-22 17:00:00-07:00,7.9,3062.0,Action,2012-06-01
Motorway,2012-06-20 17:00:00-07:00,6.0,1279.0,Drama,2012-06-01
Hannah's Law,2012-06-08 17:00:00-07:00,5.0,279.0,Western,2012-06-01
Abraham Lincoln: Vampire Hunter,2012-06-21 17:00:00-07:00,6.0,120531.0,Horror,2012-06-01
Ted,2012-06-28 17:00:00-07:00,7.0,431826.0,Fantasy,2012-06-01
Berserk: The Golden Age Arc II - The Battle for Doldrey,2012-06-22 17:00:00-07:00,7.9,3062.0,Animation,2012-06-01
Tumult,2012-06-29 17:00:00-07:00,7.2,99.0,Comedy,2012-06-01
Berserk: The Golden Age Arc II - The Battle for Doldrey,2012-06-22 17:00:00-07:00,7.9,3062.0,Adventure,2012-06-01
Tumult,2012-06-29 17:00:00-07:00,7.2,99.0,Short,2012-06-01
Road to Ninja: Naruto the Movie,2012-07-27 17:00:00-07:00,7.8,2251.0,Adventure,2012-07-01
The Dark Knight Rises,2012-07-19 17:00:00-07:00,8.5,1004805.0,Thriller,2012-07-01
Eega,2012-07-04 17:00:00-07:00,8.0,10145.0,Drama,2012-07-01
Eega,2012-07-04 17:00:00-07:00,8.0,10145.0,Fantasy,2012-07-01
Starship Troopers: Invasion,2012-07-20 17:00:00-07:00,5.9,8095.0,Sci-Fi,2012-07-01
The Dark Knight Rises,2012-07-19 17:00:00-07:00,8.5,1004805.0,Action,2012-07-01
Eega,2012-07-04 17:00:00-07:00,8.0,10145.0,Comedy,2012-07-01
Road to Ninja: Naruto the Movie,2012-07-27 17:00:00-07:00,7.8,2251.0,Animation,2012-07-01
Gangs of Wasseypur,2012-08-01 17:00:00-07:00,8.4,35127.0,Crime,2012-08-01
Rurouni Kenshin,2012-08-24 17:00:00-07:00,7.6,13310.0,History,2012-08-01
Gangs of Wasseypur,2012-08-01 17:00:00-07:00,8.4,35127.0,Drama,2012-08-01
Secret of the Wings,2012-08-15 17:00:00-07:00,7.2,7032.0,Fantasy,2012-08-01
The Bourne Legacy,2012-08-09 17:00:00-07:00,6.7,209943.0,Mystery,2012-08-01
Julayi,2012-08-08 17:00:00-07:00,7.1,2151.0,Comedy,2012-08-01
The Bourne Legacy,2012-08-09 17:00:00-07:00,6.7,209943.0,Adventure,2012-08-01
Secret of the Wings,2012-08-15 17:00:00-07:00,7.2,7032.0,Animation,2012-08-01
Gangs of Wasseypur,2012-08-01 17:00:00-07:00,8.4,35127.0,Action,2012-08-01
The Expendables 2,2012-08-16 17:00:00-07:00,6.7,229360.0,Thriller,2012-08-01
Secret of the Wings,2012-08-15 17:00:00-07:00,7.2,7032.0,Family,2012-08-01
Hit and Run,2012-08-21 17:00:00-07:00,6.1,27833.0,Romance,2012-08-01
"Batman: The Dark Knight Returns, Part 1",2012-09-24 17:00:00-07:00,8.0,28619.0,Animation,2012-09-01
"Batman: The Dark Knight Returns, Part 1",2012-09-24 17:00:00-07:00,8.0,28619.0,Action,2012-09-01
Resident Evil: Retribution,2012-09-13 17:00:00-07:00,5.4,96693.0,Horror,2012-09-01
Ruby Sparks,2012-09-05 17:00:00-07:00,7.2,71979.0,Comedy,2012-09-01
"Batman: The Dark Knight Returns, Part 1",2012-09-24 17:00:00-07:00,8.0,28619.0,Crime,2012-09-01
Snow White,2012-09-27 17:00:00-07:00,7.5,7074.0,Drama,2012-09-01
Escape,2012-09-27 17:00:00-07:00,6.1,2555.0,History,2012-09-01
Crowsnest,2012-09-06 17:00:00-07:00,3.8,1111.0,Mystery,2012-09-01
Death of a Shadow,2012-09-09 17:00:00-07:00,7.2,1252.0,Short,2012-09-01
Erased,2012-09-25 17:00:00-07:00,6.1,21803.0,Thriller,2012-09-01
Snow White,2012-09-27 17:00:00-07:00,7.5,7074.0,Fantasy,2012-09-01
Looper,2012-09-27 17:00:00-07:00,7.5,390933.0,Sci-Fi,2012-09-01
Beyond Outrage,2012-10-05 17:00:00-07:00,6.8,3202.0,Crime,2012-10-01
009 Re: Cyborg,2012-10-26 17:00:00-07:00,5.9,259.0,Sci-Fi,2012-10-01
Rommel,2012-10-31 17:00:00-07:00,6.4,1010.0,Biography,2012-10-01
Taken 2,2012-10-04 17:00:00-07:00,6.3,216651.0,Thriller,2012-10-01
009 Re: Cyborg,2012-10-26 17:00:00-07:00,5.9,259.0,Animation,2012-10-01
Mockingbird Lane,2012-10-25 17:00:00-07:00,7.6,3418.0,Comedy,2012-10-01
Beyond Outrage,2012-10-05 17:00:00-07:00,6.8,3202.0,Action,2012-10-01
Here Comes the Boom,2012-10-11 17:00:00-07:00,6.5,69939.0,Sport,2012-10-01
Tai Chi Hero,2012-10-24 17:00:00-07:00,6.2,2416.0,Adventure,2012-10-01
Mockingbird Lane,2012-10-25 17:00:00-07:00,7.6,3418.0,Fantasy,2012-10-01
Poslednyaya skazka Rity,2012-10-17 17:00:00-07:00,7.0,306.0,Mystery,2012-10-01
Painless,2012-10-09 17:00:00-07:00,6.1,2373.0,Horror,2012-10-01
Mockingbird Lane,2012-10-25 17:00:00-07:00,7.6,3418.0,Drama,2012-10-01
Life of Pi,2012-11-20 16:00:00-08:00,8.0,390197.0,Adventure,2012-11-01
Skyfall,2012-11-08 16:00:00-08:00,7.8,456725.0,Thriller,2012-11-01
Skyfall,2012-11-08 16:00:00-08:00,7.8,456725.0,Action,2012-11-01
Evangelion: 3.0 You Can (Not) Redo,2012-11-16 16:00:00-08:00,7.0,4506.0,Animation,2012-11-01
Cold War,2012-11-07 16:00:00-08:00,6.7,2329.0,Crime,2012-11-01
Life of Pi,2012-11-20 16:00:00-08:00,8.0,390197.0,Fantasy,2012-11-01
Red Dawn,2012-11-20 16:00:00-08:00,5.4,58822.0,War,2012-11-01
Life of Pi,2012-11-20 16:00:00-08:00,8.0,390197.0,Drama,2012-11-01
Imaginaerum,2012-11-22 16:00:00-08:00,6.2,4574.0,Musical,2012-11-01
Confession of Murder,2012-11-07 16:00:00-08:00,7.0,3135.0,Mystery,2012-11-01
One Piece Film Z,2012-12-14 16:00:00-08:00,8.0,3017.0,Action,2012-12-01
Jack Reacher,2012-12-20 16:00:00-08:00,7.0,205565.0,Crime,2012-12-01
Jack Reacher,2012-12-20 16:00:00-08:00,7.0,205565.0,Mystery,2012-12-01
Django Unchained,2012-12-24 16:00:00-08:00,8.5,817800.0,Western,2012-12-01
The Last Tycoon,2012-12-21 16:00:00-08:00,6.7,1361.0,Drama,2012-12-01
One Piece Film Z,2012-12-14 16:00:00-08:00,8.0,3017.0,Adventure,2012-12-01
The Hobbit: An Unexpected Journey,2012-12-13 16:00:00-08:00,8.0,579015.0,Fantasy,2012-12-01
Halo 4: Forward Unto Dawn,2012-12-03 16:00:00-08:00,7.1,18748.0,Sci-Fi,2012-12-01
One Piece Film Z,2012-12-14 16:00:00-08:00,8.0,3017.0,Animation,2012-12-01
The Hijack That Went South,2013-01-17 16:00:00-08:00,5.5,652.0,Comedy,2013-01-01
"Batman: The Dark Knight Returns, Part 2",2013-01-28 16:00:00-08:00,8.4,22244.0,Animation,2013-01-01
The Last Stand,2013-01-17 16:00:00-08:00,6.4,107603.0,Thriller,2013-01-01
Gangster Squad,2013-01-10 16:00:00-08:00,6.8,162356.0,Drama,2013-01-01
Vishwaroopam,2013-01-24 16:00:00-08:00,8.8,33015.0,Action,2013-01-01
Hansel & Gretel: Witch Hunters,2013-01-24 16:00:00-08:00,6.1,146575.0,Horror,2013-01-01
Berserk: The Golden Age Arc III - The Advent,2013-01-31 16:00:00-08:00,7.9,2421.0,Fantasy,2013-01-01
Vishwaroopam,2013-01-24 16:00:00-08:00,8.8,33015.0,Adventure,2013-01-01
Vishwaroopam,2013-01-24 16:00:00-08:00,8.8,33015.0,Crime,2013-01-01
The Sweeney,2013-02-28 16:00:00-08:00,6.1,15568.0,Crime,2013-02-01
Metro,2013-02-20 16:00:00-08:00,6.6,4251.0,Thriller,2013-02-01
Metro,2013-02-20 16:00:00-08:00,6.6,4251.0,Action,2013-02-01
Journey to the West,2013-02-06 16:00:00-08:00,6.8,6584.0,Adventure,2013-02-01
Journey to the West,2013-02-06 16:00:00-08:00,6.8,6584.0,Fantasy,2013-02-01
Beautiful Creatures,2013-02-13 16:00:00-08:00,6.2,61729.0,Romance,2013-02-01
Journey to the West,2013-02-06 16:00:00-08:00,6.8,6584.0,Comedy,2013-02-01
Snitch,2013-02-21 16:00:00-08:00,6.5,59951.0,Drama,2013-02-01
Pinocchio,2013-02-19 16:00:00-08:00,5.9,152.0,Animation,2013-02-01
Oz the Great and Powerful,2013-03-07 16:00:00-08:00,6.4,166093.0,Family,2013-03-01
Oz the Great and Powerful,2013-03-07 16:00:00-08:00,6.4,166093.0,Adventure,2013-03-01
Saheb Biwi Aur Gangster Returns,2013-03-07 16:00:00-08:00,6.9,2623.0,Drama,2013-03-01
Oz the Great and Powerful,2013-03-07 16:00:00-08:00,6.4,166093.0,Fantasy,2013-03-01
Saheb Biwi Aur Gangster Returns,2013-03-07 16:00:00-08:00,6.9,2623.0,Crime,2013-03-01
Saheb Biwi Aur Gangster Returns,2013-03-07 16:00:00-08:00,6.9,2623.0,Action,2013-03-01
G.I. Joe: Retaliation,2013-03-27 17:00:00-07:00,5.8,135182.0,Sci-Fi,2013-03-01
Rubinrot,2013-03-13 17:00:00-07:00,6.1,4133.0,Mystery,2013-03-01
Olympus Has Fallen,2013-03-21 17:00:00-07:00,6.5,177080.0,Thriller,2013-03-01
Ip Man: The Final Fight,2013-03-27 17:00:00-07:00,6.1,5607.0,Biography,2013-03-01
Kick-Heart,2013-04-30 17:00:00-07:00,7.1,240.0,Animation,2013-04-01
Room 8,2013-04-23 17:00:00-07:00,8.0,762.0,Short,2013-04-01
Room 8,2013-04-23 17:00:00-07:00,8.0,762.0,Fantasy,2013-04-01
Iron Man: Rise of Technovore,2013-04-08 17:00:00-07:00,5.2,2666.0,Sci-Fi,2013-04-01
Pain & Gain,2013-04-25 17:00:00-07:00,6.5,147744.0,Comedy,2013-04-01
Kick-Heart,2013-04-30 17:00:00-07:00,7.1,240.0,Action,2013-04-01
The Brass Teapot,2013-04-14 17:00:00-07:00,6.4,10510.0,Thriller,2013-04-01
Room 8,2013-04-23 17:00:00-07:00,8.0,762.0,Drama,2013-04-01
Drug War,2013-04-03 17:00:00-07:00,7.0,6384.0,Crime,2013-04-01
Oblivion,2013-04-18 17:00:00-07:00,7.0,347173.0,Adventure,2013-04-01
Upside Down,2013-04-30 17:00:00-07:00,6.4,53859.0,Romance,2013-04-01
Oblivion,2013-04-18 17:00:00-07:00,7.0,347173.0,Mystery,2013-04-01
Fast & Furious 6,2013-05-23 17:00:00-07:00,7.2,272492.0,Thriller,2013-05-01
Byzantium,2013-05-30 17:00:00-07:00,6.5,28072.0,Horror,2013-05-01
Fast & Furious 6,2013-05-23 17:00:00-07:00,7.2,272492.0,Crime,2013-05-01
Superman: Unbound,2013-05-22 17:00:00-07:00,6.6,6421.0,Animation,2013-05-01
Fallen City,2013-05-09 17:00:00-07:00,7.3,57.0,Family,2013-05-01
Star Trek Into Darkness,2013-05-15 17:00:00-07:00,7.8,361747.0,Sci-Fi,2013-05-01
Fallen City,2013-05-09 17:00:00-07:00,7.3,57.0,Drama,2013-05-01
Star Trek Into Darkness,2013-05-15 17:00:00-07:00,7.8,361747.0,Action,2013-05-01
Byzantium,2013-05-30 17:00:00-07:00,6.5,28072.0,Fantasy,2013-05-01
Star Trek Into Darkness,2013-05-15 17:00:00-07:00,7.8,361747.0,Adventure,2013-05-01
Dead Man's Burden,2013-05-02 17:00:00-07:00,5.3,389.0,Western,2013-05-01
Hammer of the Gods,2013-05-29 17:00:00-07:00,4.5,6593.0,History,2013-05-01
This Is the End,2013-06-11 17:00:00-07:00,6.7,280697.0,Comedy,2013-06-01
Man of Steel,2013-06-13 17:00:00-07:00,7.2,480925.0,Adventure,2013-06-01
The Closed Circuit,2013-06-30 17:00:00-07:00,6.8,739.0,Drama,2013-06-01
Ghost in the Shell Arise: Border 1 - Ghost Pain,2013-06-21 17:00:00-07:00,7.3,1537.0,Animation,2013-06-01
Ghost in the Shell Arise: Border 1 - Ghost Pain,2013-06-21 17:00:00-07:00,7.3,1537.0,Sci-Fi,2013-06-01
World War Z,2013-06-20 17:00:00-07:00,7.0,413867.0,Horror,2013-06-01
Ghost in the Shell Arise: Border 1 - Ghost Pain,2013-06-21 17:00:00-07:00,7.3,1537.0,Action,2013-06-01
The Closed Circuit,2013-06-30 17:00:00-07:00,6.8,739.0,Crime,2013-06-01
Man of Steel,2013-06-13 17:00:00-07:00,7.2,480925.0,Fantasy,2013-06-01
L'autre vie de Richard Kemp,2013-06-04 17:00:00-07:00,6.5,578.0,Thriller,2013-06-01
Cold Eyes,2013-07-02 17:00:00-07:00,7.2,2656.0,Crime,2013-07-01
Pacific Rim,2013-07-11 17:00:00-07:00,7.0,345103.0,Adventure,2013-07-01
D-Day,2013-07-18 17:00:00-07:00,7.2,4989.0,Thriller,2013-07-01
Pacific Rim,2013-07-11 17:00:00-07:00,7.0,345103.0,Sci-Fi,2013-07-01
"Secretly, Greatly",2013-07-18 17:00:00-07:00,6.8,1582.0,Comedy,2013-07-01
The Flying Man,2013-07-11 17:00:00-07:00,7.0,507.0,Short,2013-07-01
The Flying Man,2013-07-11 17:00:00-07:00,7.0,507.0,Fantasy,2013-07-01
"Secretly, Greatly",2013-07-18 17:00:00-07:00,6.8,1582.0,Drama,2013-07-01
Marianne,2013-07-02 17:00:00-07:00,4.9,388.0,Horror,2013-07-01
D-Day,2013-07-18 17:00:00-07:00,7.2,4989.0,Action,2013-07-01
The Lone Ranger,2013-07-02 17:00:00-07:00,6.5,166042.0,Western,2013-07-01
The Grandmaster,2013-08-29 17:00:00-07:00,6.5,22237.0,Biography,2013-08-01
Gold,2013-08-14 17:00:00-07:00,6.3,630.0,Western,2013-08-01
Krampus: The Christmas Devil,2013-08-16 17:00:00-07:00,2.0,347.0,Horror,2013-08-01
We're the Millers,2013-08-06 17:00:00-07:00,7.1,283212.0,Comedy,2013-08-01
Getaway,2013-08-29 17:00:00-07:00,4.4,17934.0,Thriller,2013-08-01
Top Cat: The Movie,2013-08-01 17:00:00-07:00,4.8,1353.0,Animation,2013-08-01
The Major,2013-08-07 17:00:00-07:00,7.1,1118.0,Crime,2013-08-01
Madras Cafe,2013-08-22 17:00:00-07:00,7.8,13161.0,History,2013-08-01
We're the Millers,2013-08-06 17:00:00-07:00,7.1,283212.0,Adventure,2013-08-01
The World's End,2013-08-22 17:00:00-07:00,7.0,160063.0,Sci-Fi,2013-08-01
Percy Jackson: Sea of Monsters,2013-08-06 17:00:00-07:00,5.9,78556.0,Family,2013-08-01
Spark: A Burning Man Story,2013-08-15 17:00:00-07:00,6.2,428.0,Documentary,2013-08-01
The Mortal Instruments: City of Bones,2013-08-20 17:00:00-07:00,6.0,97093.0,Fantasy,2013-08-01
Madras Cafe,2013-08-22 17:00:00-07:00,7.8,13161.0,Action,2013-08-01
Madras Cafe,2013-08-22 17:00:00-07:00,7.8,13161.0,Drama,2013-08-01
Atharintiki Daaredi,2013-09-25 17:00:00-07:00,7.4,5021.0,Comedy,2013-09-01
Riddick,2013-09-05 17:00:00-07:00,6.4,112948.0,Thriller,2013-09-01
Mr. Nobody,2013-09-25 17:00:00-07:00,7.9,123732.0,Romance,2013-09-01
Marvel One-Shot: Agent Carter,2013-09-23 17:00:00-07:00,7.6,3096.0,Adventure,2013-09-01
Marvel One-Shot: Agent Carter,2013-09-23 17:00:00-07:00,7.6,3096.0,Short,2013-09-01
Rush,2013-09-26 17:00:00-07:00,8.2,263143.0,Action,2013-09-01
Rush,2013-09-26 17:00:00-07:00,8.2,263143.0,Biography,2013-09-01
Mr. Nobody,2013-09-25 17:00:00-07:00,7.9,123732.0,Fantasy,2013-09-01
The Colony,2013-09-19 17:00:00-07:00,5.3,32014.0,Horror,2013-09-01
Unforgiven,2013-09-12 17:00:00-07:00,7.1,942.0,Crime,2013-09-01
Riddick,2013-09-05 17:00:00-07:00,6.4,112948.0,Sci-Fi,2013-09-01
Rush,2013-09-26 17:00:00-07:00,8.2,263143.0,Drama,2013-09-01
Thou Gild'st the Even,2013-10-31 17:00:00-07:00,8.1,3301.0,Romance,2013-10-01
Sweetwater,2013-10-10 17:00:00-07:00,6.2,3956.0,Western,2013-10-01
Waar,2013-10-15 17:00:00-07:00,8.5,26769.0,Drama,2013-10-01
Thou Gild'st the Even,2013-10-31 17:00:00-07:00,8.1,3301.0,Fantasy,2013-10-01
Waar,2013-10-15 17:00:00-07:00,8.5,26769.0,Thriller,2013-10-01
Walking with the Enemy,2013-10-12 17:00:00-07:00,5.4,435.0,History,2013-10-01
Transformers Prime Beast Hunters: Predacons Rising,2013-10-03 17:00:00-07:00,7.5,492.0,Animation,2013-10-01
Boss,2013-10-15 17:00:00-07:00,5.2,5617.0,Comedy,2013-10-01
Transformers Prime Beast Hunters: Predacons Rising,2013-10-03 17:00:00-07:00,7.5,492.0,Family,2013-10-01
Chinese Zodiac,2013-10-17 17:00:00-07:00,6.2,13746.0,Adventure,2013-10-01
Machete Kills,2013-10-10 17:00:00-07:00,5.6,52429.0,Crime,2013-10-01
Waar,2013-10-15 17:00:00-07:00,8.5,26769.0,Action,2013-10-01
Arrambam,2013-10-30 17:00:00-07:00,7.5,5957.0,Mystery,2013-10-01
Stalingrad,2013-10-09 17:00:00-07:00,5.6,10497.0,War,2013-10-01
Ender's Game,2013-10-31 17:00:00-07:00,6.7,167857.0,Sci-Fi,2013-10-01
Frankenstein's Army,2013-11-01 17:00:00-07:00,5.3,5811.0,Sci-Fi,2013-11-01
The Tale of The Princess Kaguya,2013-11-22 16:00:00-08:00,8.1,12516.0,Drama,2013-11-01
A Common Man,2013-11-06 16:00:00-08:00,4.7,1712.0,Thriller,2013-11-01
Thor: The Dark World,2013-11-07 16:00:00-08:00,7.1,357543.0,Adventure,2013-11-01
Homefront,2013-11-26 16:00:00-08:00,6.5,74054.0,Crime,2013-11-01
Thor: The Dark World,2013-11-07 16:00:00-08:00,7.1,357543.0,Action,2013-11-01
The Tale of The Princess Kaguya,2013-11-22 16:00:00-08:00,8.1,12516.0,Fantasy,2013-11-01
Oldboy,2013-11-26 16:00:00-08:00,5.7,44513.0,Mystery,2013-11-01
The Tale of The Princess Kaguya,2013-11-22 16:00:00-08:00,8.1,12516.0,Animation,2013-11-01
Frankenstein's Army,2013-11-01 17:00:00-07:00,5.3,5811.0,Horror,2013-11-01
The Little Ghost,2013-11-06 16:00:00-08:00,5.8,178.0,Family,2013-11-01
About Time,2013-11-07 16:00:00-08:00,7.8,170512.0,Romance,2013-11-01
Eager,2013-12-31 16:00:00-08:00,6.0,9.0,Short,2013-12-01
The Eternal Zero,2013-12-20 16:00:00-08:00,7.3,817.0,Drama,2013-12-01
The Hobbit: The Desolation of Smaug,2013-12-12 16:00:00-08:00,8.0,432062.0,Adventure,2013-12-01
Manborg,2013-12-20 16:00:00-08:00,5.7,1428.0,Comedy,2013-12-01
The Hobbit: The Desolation of Smaug,2013-12-12 16:00:00-08:00,8.0,432062.0,Fantasy,2013-12-01
The Eternal Zero,2013-12-20 16:00:00-08:00,7.3,817.0,Mystery,2013-12-01
Battle Ground,2013-12-10 16:00:00-08:00,4.8,1234.0,War,2013-12-01
The White Storm,2013-12-04 16:00:00-08:00,6.7,1357.0,Crime,2013-12-01
The Eternal Zero,2013-12-20 16:00:00-08:00,7.3,817.0,Action,2013-12-01
Firestorm,2013-12-18 16:00:00-08:00,6.3,1579.0,Thriller,2013-12-01
Eager,2013-12-31 16:00:00-08:00,6.0,9.0,Animation,2013-12-01
The Suspect,2014-01-09 16:00:00-08:00,6.9,2317.0,Thriller,2014-01-01
Once Upon a Time in Shanghai,2014-01-08 16:00:00-08:00,6.9,1232.0,Crime,2014-01-01
Lone Survivor,2014-01-09 16:00:00-08:00,7.6,177772.0,Biography,2014-01-01
JLA Adventures: Trapped in Time,2014-01-20 16:00:00-08:00,5.8,1755.0,Sci-Fi,2014-01-01
JLA Adventures: Trapped in Time,2014-01-20 16:00:00-08:00,5.8,1755.0,Animation,2014-01-01
Lauf Junge lauf,2014-01-09 16:00:00-08:00,6.5,352.0,War,2014-01-01
Miss Granny,2014-01-21 16:00:00-08:00,7.3,1076.0,Comedy,2014-01-01
Not My Day,2014-01-15 16:00:00-08:00,6.7,2326.0,Adventure,2014-01-01
Lone Survivor,2014-01-09 16:00:00-08:00,7.6,177772.0,Drama,2014-01-01
Lone Survivor,2014-01-09 16:00:00-08:00,7.6,177772.0,Action,2014-01-01
Miss Granny,2014-01-21 16:00:00-08:00,7.3,1076.0,Fantasy,2014-01-01
Miss Granny,2014-01-21 16:00:00-08:00,7.3,1076.0,Music,2014-01-01
Raze,2014-01-15 16:00:00-08:00,5.1,3795.0,Horror,2014-01-01
Non-Stop,2014-02-27 16:00:00-08:00,7.0,177395.0,Mystery,2014-02-01
The Lego Movie,2014-02-06 16:00:00-08:00,7.8,220504.0,Animation,2014-02-01
RoboCop,2014-02-11 16:00:00-08:00,6.2,166841.0,Sci-Fi,2014-02-01
Easy Money II: Hard to Kill,2014-02-13 16:00:00-08:00,6.2,4853.0,Drama,2014-02-01
In Order of Disappearance,2014-02-20 16:00:00-08:00,7.2,8229.0,Comedy,2014-02-01
The Pirate Fairy,2014-02-12 16:00:00-08:00,6.6,8786.0,Fantasy,2014-02-01
Non-Stop,2014-02-27 16:00:00-08:00,7.0,177395.0,Thriller,2014-02-01
The Patrol,2014-02-06 16:00:00-08:00,4.2,754.0,War,2014-02-01
In Order of Disappearance,2014-02-20 16:00:00-08:00,7.2,8229.0,Crime,2014-02-01
The Lego Movie,2014-02-06 16:00:00-08:00,7.8,220504.0,Adventure,2014-02-01
The Lego Movie,2014-02-06 16:00:00-08:00,7.8,220504.0,Action,2014-02-01
Xingu,2014-03-13 17:00:00-07:00,7.1,1158.0,Biography,2014-03-01
Avengers Confidential: Black Widow & Punisher,2014-03-10 17:00:00-07:00,5.8,2354.0,Animation,2014-03-01
The Gunfighter,2014-03-20 17:00:00-07:00,8.1,633.0,Comedy,2014-03-01
The Gunfighter,2014-03-20 17:00:00-07:00,8.1,633.0,Western,2014-03-01
Xingu,2014-03-13 17:00:00-07:00,7.1,1158.0,Adventure,2014-03-01
Prospect,2014-03-25 17:00:00-07:00,7.4,148.0,Action,2014-03-01
The Portal,2014-03-21 17:00:00-07:00,8.0,187.0,Fantasy,2014-03-01
Kenau,2014-03-05 16:00:00-08:00,6.5,712.0,History,2014-03-01
Prospect,2014-03-25 17:00:00-07:00,7.4,148.0,Drama,2014-03-01
Avengers Confidential: Black Widow & Punisher,2014-03-10 17:00:00-07:00,5.8,2354.0,Sci-Fi,2014-03-01
Need for Speed,2014-03-13 17:00:00-07:00,6.6,123751.0,Crime,2014-03-01
The Gunfighter,2014-03-20 17:00:00-07:00,8.1,633.0,Short,2014-03-01
Let's Sin,2014-04-17 17:00:00-07:00,8.1,3587.0,Action,2014-04-01
Captain America: The Winter Soldier,2014-04-03 17:00:00-07:00,7.8,398260.0,Sci-Fi,2014-04-01
Last Passenger,2014-04-24 17:00:00-07:00,5.6,3341.0,Mystery,2014-04-01
Song 'e Napule,2014-04-16 17:00:00-07:00,7.0,245.0,Comedy,2014-04-01
The Retrieval,2014-04-01 17:00:00-07:00,6.5,1557.0,History,2014-04-01
The Raid 2,2014-04-10 17:00:00-07:00,8.0,73217.0,Thriller,2014-04-01
Short Peace,2014-04-17 17:00:00-07:00,7.0,502.0,Fantasy,2014-04-01
The Retrieval,2014-04-01 17:00:00-07:00,6.5,1557.0,Western,2014-04-01
Let's Sin,2014-04-17 17:00:00-07:00,8.1,3587.0,Drama,2014-04-01
Captain America: The Winter Soldier,2014-04-03 17:00:00-07:00,7.8,398260.0,Adventure,2014-04-01
Short Peace,2014-04-17 17:00:00-07:00,7.0,502.0,Animation,2014-04-01
Let's Sin,2014-04-17 17:00:00-07:00,8.1,3587.0,Crime,2014-04-01
Dead Sea,2014-04-14 17:00:00-07:00,4.0,1478.0,Horror,2014-04-01
Cargo,2014-05-22 17:00:00-07:00,7.7,880.0,Short,2014-05-01
X-Men: Days of Future Past,2014-05-22 17:00:00-07:00,8.1,436254.0,Action,2014-05-01
#chicagoGirl: The Social Network Takes on a Dictator,2014-05-17 17:00:00-07:00,7.1,77.0,Documentary,2014-05-01
A Million Ways to Die in the West,2014-05-29 17:00:00-07:00,6.1,119185.0,Western,2014-05-01
A Million Ways to Die in the West,2014-05-29 17:00:00-07:00,6.1,119185.0,Comedy,2014-05-01
X-Men: Days of Future Past,2014-05-22 17:00:00-07:00,8.1,436254.0,Adventure,2014-05-01
Son of Batman,2014-05-05 17:00:00-07:00,6.6,9084.0,Animation,2014-05-01
Heropanti,2014-05-22 17:00:00-07:00,5.5,3561.0,Romance,2014-05-01
Cargo,2014-05-22 17:00:00-07:00,7.7,880.0,Drama,2014-05-01
Cargo,2014-05-22 17:00:00-07:00,7.7,880.0,Fantasy,2014-05-01
Maleficent,2014-05-29 17:00:00-07:00,7.0,220651.0,Family,2014-05-01
X-Men: Days of Future Past,2014-05-22 17:00:00-07:00,8.1,436254.0,Sci-Fi,2014-05-01
22 Jump Street,2014-06-12 17:00:00-07:00,7.1,219091.0,Crime,2014-06-01
The Nostalgist,2014-06-18 17:00:00-07:00,7.8,26.0,Short,2014-06-01
22 Jump Street,2014-06-12 17:00:00-07:00,7.1,219091.0,Comedy,2014-06-01
Edge of Tomorrow,2014-06-05 17:00:00-07:00,7.9,357609.0,Action,2014-06-01
Rigor Mortis,2014-06-05 17:00:00-07:00,6.3,3455.0,Horror,2014-06-01
The Last Survivors,2014-06-11 17:00:00-07:00,5.2,1447.0,Thriller,2014-06-01
The Nostalgist,2014-06-18 17:00:00-07:00,7.8,26.0,Fantasy,2014-06-01
Edge of Tomorrow,2014-06-05 17:00:00-07:00,7.9,357609.0,Adventure,2014-06-01
How to Train Your Dragon 2,2014-06-12 17:00:00-07:00,7.9,186385.0,Animation,2014-06-01
Holiday,2014-06-05 17:00:00-07:00,7.4,9978.0,Drama,2014-06-01
Holiday,2014-06-05 17:00:00-07:00,7.4,9978.0,Mystery,2014-06-01
The Homesman,2014-06-25 17:00:00-07:00,6.6,16810.0,Western,2014-06-01
Edge of Tomorrow,2014-06-05 17:00:00-07:00,7.9,357609.0,Sci-Fi,2014-06-01
Qissa: The Tale of a Lonely Ghost,2014-07-09 17:00:00-07:00,6.5,325.0,Fantasy,2014-07-01
Batman: Assault on Arkham,2014-07-28 17:00:00-07:00,7.4,12177.0,Animation,2014-07-01
Batman: Assault on Arkham,2014-07-28 17:00:00-07:00,7.4,12177.0,Crime,2014-07-01
Kick,2014-07-24 17:00:00-07:00,5.6,14033.0,Comedy,2014-07-01
Guardians of the Galaxy,2014-07-31 17:00:00-07:00,8.1,539583.0,Action,2014-07-01
Dawn of the Planet of the Apes,2014-07-10 17:00:00-07:00,7.7,276188.0,Drama,2014-07-01
Kick,2014-07-24 17:00:00-07:00,5.6,14033.0,Romance,2014-07-01
The Purge: Anarchy,2014-07-17 17:00:00-07:00,6.5,71787.0,Horror,2014-07-01
Guardians of the Galaxy,2014-07-31 17:00:00-07:00,8.1,539583.0,Sci-Fi,2014-07-01
Lucy,2014-07-24 17:00:00-07:00,6.4,275454.0,Thriller,2014-07-01
Guardians of the Galaxy,2014-07-31 17:00:00-07:00,8.1,539583.0,Adventure,2014-07-01
Wer,2014-08-18 17:00:00-07:00,5.9,4762.0,Mystery,2014-08-01
Wer,2014-08-18 17:00:00-07:00,5.9,4762.0,Horror,2014-08-01
Saints and Soldiers: The Void,2014-08-14 17:00:00-07:00,5.0,1224.0,War,2014-08-01
14 Blades,2014-08-21 17:00:00-07:00,6.4,5496.0,History,2014-08-01
Cafè. Waiting. Love,2014-08-14 17:00:00-07:00,6.8,462.0,Fantasy,2014-08-01
Dragon Ball Z: Battle of Gods,2014-08-04 17:00:00-07:00,7.3,16046.0,Comedy,2014-08-01
Mardaani,2014-08-21 17:00:00-07:00,7.5,5601.0,Thriller,2014-08-01
Dragon Ball Z: Battle of Gods,2014-08-04 17:00:00-07:00,7.3,16046.0,Animation,2014-08-01
The Expendables 3,2014-08-14 17:00:00-07:00,6.1,107172.0,Adventure,2014-08-01
The Zero Theorem,2014-08-18 17:00:00-07:00,6.1,28696.0,Sci-Fi,2014-08-01
Mardaani,2014-08-21 17:00:00-07:00,7.5,5601.0,Drama,2014-08-01
Yasmine,2014-08-15 17:00:00-07:00,7.6,51.0,Action,2014-08-01
Bag Man,2014-09-09 17:00:00-07:00,7.6,47.0,Short,2014-09-01
Rurèni Kenshin: Densetsu no saigo-hen,2014-09-12 17:00:00-07:00,7.6,3717.0,Action,2014-09-01
The Equalizer,2014-09-25 17:00:00-07:00,7.2,193028.0,Thriller,2014-09-01
Rurèni Kenshin: Densetsu no saigo-hen,2014-09-12 17:00:00-07:00,7.6,3717.0,Adventure,2014-09-01
The Mysterious Death of Pèrola,2014-09-30 17:00:00-07:00,7.1,14.0,Fantasy,2014-09-01
Plastic,2014-09-25 17:00:00-07:00,6.0,4928.0,Comedy,2014-09-01
The Mysterious Death of Pèrola,2014-09-30 17:00:00-07:00,7.1,14.0,Mystery,2014-09-01
Snow on the Blades,2014-09-19 17:00:00-07:00,6.8,70.0,History,2014-09-01
Rurèni Kenshin: Densetsu no saigo-hen,2014-09-12 17:00:00-07:00,7.6,3717.0,Drama,2014-09-01
Cèdigo Paz,2014-09-17 17:00:00-07:00,7.3,202.0,Crime,2014-09-01
The Maze Runner,2014-09-18 17:00:00-07:00,6.8,242220.0,Sci-Fi,2014-09-01
Field of Lost Shoes,2014-09-25 17:00:00-07:00,5.6,713.0,War,2014-09-01
The Redwood Massacre,2014-09-27 17:00:00-07:00,3.8,1328.0,Horror,2014-09-01
Horns,2014-10-02 17:00:00-07:00,6.5,43055.0,Fantasy,2014-10-01
Automata,2014-10-16 17:00:00-07:00,6.1,33950.0,Sci-Fi,2014-10-01
'71,2014-10-09 17:00:00-07:00,7.2,24645.0,Thriller,2014-10-01
Fury,2014-10-16 17:00:00-07:00,7.6,246066.0,War,2014-10-01
Fury,2014-10-16 17:00:00-07:00,7.6,246066.0,Action,2014-10-01
Dead Snow 2: Red vs. Dead,2014-10-06 17:00:00-07:00,7.0,12603.0,Comedy,2014-10-01
Roar,2014-10-30 17:00:00-07:00,5.7,521.0,Adventure,2014-10-01
Dead Snow 2: Red vs. Dead,2014-10-06 17:00:00-07:00,7.0,12603.0,Horror,2014-10-01
Fury,2014-10-16 17:00:00-07:00,7.6,246066.0,Drama,2014-10-01
Happy New Year,2014-10-23 17:00:00-07:00,5.5,21270.0,Crime,2014-10-01
Rise of the Legend,2014-11-20 16:00:00-08:00,6.4,1003.0,Biography,2014-11-01
Big Hero 6,2014-11-06 16:00:00-08:00,7.9,210576.0,Action,2014-11-01
Big Hero 6,2014-11-06 16:00:00-08:00,7.9,210576.0,Animation,2014-11-01
Big Hero 6,2014-11-06 16:00:00-08:00,7.9,210576.0,Adventure,2014-11-01
Northpole,2014-11-14 16:00:00-08:00,6.5,508.0,Fantasy,2014-11-01
Why Don't You Play in Hell?,2014-11-06 16:00:00-08:00,7.3,3318.0,Comedy,2014-11-01
Turks & Caicos,2014-11-08 16:00:00-08:00,6.6,2812.0,Mystery,2014-11-01
Halo: Nightfall,2014-11-10 16:00:00-08:00,5.7,2640.0,Sci-Fi,2014-11-01
Why Don't You Play in Hell?,2014-11-06 16:00:00-08:00,7.3,3318.0,Drama,2014-11-01
Son of a Gun,2014-12-10 16:00:00-08:00,6.5,14222.0,Drama,2014-12-01
Son of a Gun,2014-12-10 16:00:00-08:00,6.5,14222.0,Crime,2014-12-01
Song of the Sea,2014-12-09 16:00:00-08:00,8.2,14885.0,Family,2014-12-01
The Interview,2014-12-23 16:00:00-08:00,6.7,217029.0,Comedy,2014-12-01
Song of the Sea,2014-12-09 16:00:00-08:00,8.2,14885.0,Animation,2014-12-01
Exodus: Gods and Kings,2014-12-11 16:00:00-08:00,6.1,104597.0,Biography,2014-12-01
Saphirblau,2014-12-17 16:00:00-08:00,6.5,1114.0,Mystery,2014-12-01
The Hobbit: The Battle of the Five Armies,2014-12-16 16:00:00-08:00,7.5,288968.0,Adventure,2014-12-01
The Interview,2014-12-23 16:00:00-08:00,6.7,217029.0,Action,2014-12-01
Into the Woods,2014-12-24 16:00:00-08:00,6.0,82172.0,Musical,2014-12-01
Song of the Sea,2014-12-09 16:00:00-08:00,8.2,14885.0,Fantasy,2014-12-01
Queen of the Mountains,2015-01-05 16:00:00-08:00,8.6,3106.0,Drama,2015-01-01
Taken 3,2015-01-08 16:00:00-08:00,6.0,105617.0,Thriller,2015-01-01
Racing Extinction,2015-01-23 16:00:00-08:00,7.9,83.0,Documentary,2015-01-01
Afflicted,2015-01-26 16:00:00-08:00,6.3,14152.0,Horror,2015-01-01
Darkness on the Edge of Town,2015-01-24 16:00:00-08:00,8.0,72.0,Crime,2015-01-01
Queen of the Mountains,2015-01-05 16:00:00-08:00,8.6,3106.0,Action,2015-01-01
Queen of the Mountains,2015-01-05 16:00:00-08:00,8.6,3106.0,Biography,2015-01-01
The Master Plan,2015-01-15 16:00:00-08:00,5.7,885.0,Comedy,2015-01-01
Racing Extinction,2015-01-23 16:00:00-08:00,7.9,83.0,Adventure,2015-01-01
Darkness on the Edge of Town,2015-01-24 16:00:00-08:00,8.0,72.0,Western,2015-01-01
The Salvation,2015-02-26 16:00:00-08:00,6.8,16357.0,Western,2015-02-01
The Real Miyagi,2015-02-19 16:00:00-08:00,9.3,41.0,History,2015-02-01
"Liza, the Fox-Fairy",2015-02-18 16:00:00-08:00,8.2,1799.0,Fantasy,2015-02-01
The Salvation,2015-02-26 16:00:00-08:00,6.8,16357.0,Drama,2015-02-01
"Liza, the Fox-Fairy",2015-02-18 16:00:00-08:00,8.2,1799.0,Romance,2015-02-01
Jupiter Ascending,2015-02-05 16:00:00-08:00,5.5,106083.0,Sci-Fi,2015-02-01
Kingsman: The Secret Service,2015-02-12 16:00:00-08:00,7.8,271917.0,Adventure,2015-02-01
The Real Miyagi,2015-02-19 16:00:00-08:00,9.3,41.0,Documentary,2015-02-01
"Liza, the Fox-Fairy",2015-02-18 16:00:00-08:00,8.2,1799.0,Comedy,2015-02-01
The Real Miyagi,2015-02-19 16:00:00-08:00,9.3,41.0,Action,2015-02-01
Digging Up the Marrow,2015-02-19 16:00:00-08:00,5.8,2081.0,Biography,2015-02-01
Becoming Bulletproof,2015-03-25 17:00:00-07:00,7.6,22.0,Western,2015-03-01
Cinderella,2015-03-12 17:00:00-07:00,7.1,68498.0,Fantasy,2015-03-01
Violet,2015-03-26 17:00:00-07:00,7.0,58.0,Romance,2015-03-01
Avenged,2015-03-05 16:00:00-08:00,5.7,1636.0,Horror,2015-03-01
Cinderella,2015-03-12 17:00:00-07:00,7.1,68498.0,Family,2015-03-01
Becoming Bulletproof,2015-03-25 17:00:00-07:00,7.6,22.0,Documentary,2015-03-01
Avenged,2015-03-05 16:00:00-08:00,5.7,1636.0,Action,2015-03-01
Cinderella,2015-03-12 17:00:00-07:00,7.1,68498.0,Drama,2015-03-01
Tracers,2015-03-19 17:00:00-07:00,5.5,9246.0,Crime,2015-03-01
Eva,2015-03-12 17:00:00-07:00,6.7,6778.0,Sci-Fi,2015-03-01
Sam,2015-03-31 17:00:00-07:00,6.9,21.0,Comedy,2015-03-01
Lost River,2015-04-09 17:00:00-07:00,5.8,7547.0,Mystery,2015-04-01
Avengers: Age of Ultron,2015-04-30 17:00:00-07:00,7.8,282723.0,Adventure,2015-04-01
Wolf Warrior,2015-04-05 17:00:00-07:00,5.6,720.0,War,2015-04-01
Avengers: Age of Ultron,2015-04-30 17:00:00-07:00,7.8,282723.0,Action,2015-04-01
Welcome to Happiness,2015-04-26 17:00:00-07:00,8.2,34.0,Comedy,2015-04-01
Furious 7,2015-04-02 17:00:00-07:00,7.4,211346.0,Thriller,2015-04-01
Welcome to Happiness,2015-04-26 17:00:00-07:00,8.2,34.0,Drama,2015-04-01
Slow West,2015-04-15 17:00:00-07:00,7.0,11997.0,Western,2015-04-01
Avengers: Age of Ultron,2015-04-30 17:00:00-07:00,7.8,282723.0,Sci-Fi,2015-04-01
Welcome to Happiness,2015-04-26 17:00:00-07:00,8.2,34.0,Fantasy,2015-04-01
Furious 7,2015-04-02 17:00:00-07:00,7.4,211346.0,Crime,2015-04-01
The Connection,2015-05-14 17:00:00-07:00,7.1,3206.0,Crime,2015-05-01
Ti mene nosis,2015-05-24 17:00:00-07:00,7.3,160.0,Family,2015-05-01
Tale of Tales,2015-05-13 17:00:00-07:00,6.7,1961.0,Fantasy,2015-05-01
Ti mene nosis,2015-05-24 17:00:00-07:00,7.3,160.0,Drama,2015-05-01
Mad Max: Fury Road,2015-05-14 17:00:00-07:00,8.3,314071.0,Adventure,2015-05-01
Tale of Tales,2015-05-13 17:00:00-07:00,6.7,1961.0,Romance,2015-05-01
Mad Max: Fury Road,2015-05-14 17:00:00-07:00,8.3,314071.0,Sci-Fi,2015-05-01
The Connection,2015-05-14 17:00:00-07:00,7.1,3206.0,Thriller,2015-05-01
Kung Fury,2015-05-27 17:00:00-07:00,8.3,24575.0,Comedy,2015-05-01
Kung Fury,2015-05-27 17:00:00-07:00,8.3,24575.0,Short,2015-05-01
Mad Max: Fury Road,2015-05-14 17:00:00-07:00,8.3,314071.0,Action,2015-05-01
Jurassic World,2015-06-11 17:00:00-07:00,7.3,252556.0,Action,2015-06-01
Patch Town,2015-06-04 17:00:00-07:00,5.4,244.0,Fantasy,2015-06-01
Jurassic World,2015-06-11 17:00:00-07:00,7.3,252556.0,Adventure,2015-06-01
Spy,2015-06-04 17:00:00-07:00,7.3,64198.0,Crime,2015-06-01
Spy,2015-06-04 17:00:00-07:00,7.3,64198.0,Comedy,2015-06-01
Jurassic World,2015-06-11 17:00:00-07:00,7.3,252556.0,Sci-Fi,2015-06-01
Pixels,2015-07-23 17:00:00-07:00,5.5,17633.0,Comedy,2015-07-01
Awaken,2015-07-06 17:00:00-07:00,3.1,430.0,Horror,2015-07-01
Cartel Land,2015-07-02 17:00:00-07:00,7.5,429.0,Drama,2015-07-01
Jack Strong,2015-07-23 17:00:00-07:00,7.2,2124.0,Crime,2015-07-01
The Boy and the Beast,2015-07-10 17:00:00-07:00,7.4,92.0,Animation,2015-07-01
Awaken,2015-07-06 17:00:00-07:00,3.1,430.0,Thriller,2015-07-01
Ant-Man,2015-07-16 17:00:00-07:00,7.8,111807.0,Adventure,2015-07-01
Ant-Man,2015-07-16 17:00:00-07:00,7.8,111807.0,Action,2015-07-01
Ant-Man,2015-07-16 17:00:00-07:00,7.8,111807.0,Sci-Fi,2015-07-01
Jack Strong,2015-07-23 17:00:00-07:00,7.2,2124.0,Biography,2015-07-01
Cartel Land,2015-07-02 17:00:00-07:00,7.5,429.0,Documentary,2015-07-01
Meru,2015-08-13 17:00:00-07:00,8.3,263.0,Documentary,2015-08-01
Fantastic Four,2015-08-06 17:00:00-07:00,4.0,42420.0,Sci-Fi,2015-08-01
One and Two,2015-08-13 17:00:00-07:00,5.5,261.0,Fantasy,2015-08-01
Meru,2015-08-13 17:00:00-07:00,8.3,263.0,Action,2015-08-01
One and Two,2015-08-13 17:00:00-07:00,5.5,261.0,Thriller,2015-08-01
The Assassin,2015-08-26 17:00:00-07:00,7.0,299.0,Drama,2015-08-01
Meru,2015-08-13 17:00:00-07:00,8.3,263.0,Adventure,2015-08-01
Journey to the Shore,2015-09-30 17:00:00-07:00,5.2,63.0,Romance,2015-09-01
Dragon Blade,2015-09-03 17:00:00-07:00,6.3,5948.0,Action,2015-09-01
Dragon Blade,2015-09-03 17:00:00-07:00,6.3,5948.0,Adventure,2015-09-01
Dragon Blade,2015-09-03 17:00:00-07:00,6.3,5948.0,Drama,2015-09-01
Journey to the Shore,2015-09-30 17:00:00-07:00,5.2,63.0,Fantasy,2015-09-01
War Pigs,2015-09-17 17:00:00-07:00,4.1,636.0,War,2015-09-01
Crumbs,2015-10-22 17:00:00-07:00,6.1,81.0,Fantasy,2015-10-01
Sicario,2015-10-01 17:00:00-07:00,7.9,1689.0,Action,2015-10-01
Crumbs,2015-10-22 17:00:00-07:00,6.1,81.0,Adventure,2015-10-01
Sicario,2015-10-01 17:00:00-07:00,7.9,1689.0,Crime,2015-10-01
Sicario,2015-10-01 17:00:00-07:00,7.9,1689.0,Drama,2015-10-01
Crumbs,2015-10-22 17:00:00-07:00,6.1,81.0,Mystery,2015-10-01
Landmine Goes Click,2015-11-19 16:00:00-08:00,7.6,289.0,Action,2015-11-01
Landmine Goes Click,2015-11-19 16:00:00-08:00,7.6,289.0,Crime,2015-11-01
Landmine Goes Click,2015-11-19 16:00:00-08:00,7.6,289.0,Drama,2015-11-01
